KEY,FREQ,REF_AREA,ADJUSTMENT,EWT_INDICATOR,EWT_CONCEPT,ACTIVITY,COMPILING_ORG,TRANSFORMATION,TIME_PERIOD,OBS_VALUE,OBS_STATUS,OBS_CONF,OBS_PRE_BREAK,OBS_COM,TIME_FORMAT,COLLECTION,DISS_ORG,DECIMALS,TITLE,TITLE_COMPL,UNIT,UNIT_MULT
EWT.M.U2.N.WT.INWR._T.4F0.GY,M,U2,N,WT,INWR,_T,4F0,GY,2013-01,1.91409384545303,A,F,,,P1M,A,,14,ECB wage tracker with unsmoothed one-off payments,"Euro area, non-seasonally adjusted, wage tracker, with unsmoothed one-off payments, total economy, compiled by the ECB, annual rates of change",PT,0
EWT.M.U2.N.WT.INWR._T.4F0.GY,M,U2,N,WT,INWR,_T,4F0,GY,2013-02,1.9449994806599,A,F,,,P1M,A,,14,ECB wage tracker with unsmoothed one-off payments,"Euro area, non-seasonally adjusted, wage tracker, with unsmoothed one-off payments, total economy, compiled by the ECB, annual rates of change",PT,0
EWT.M.U2.N.WT.INWR._T.4F0.GY,M,U2,N,WT,INWR,_T,4F0,GY,2013-03,1.81626776661207,A,F,,,P1M,A,,14,ECB wage tracker with unsmoothed one-off payments,"Euro area, non-seasonally adjusted, wage tracker, with unsmoothed one-off payments, total economy, compiled by the ECB, annual rates of change",PT,0
EWT.M.U2.N.WT.INWR._T.4F0.GY,M,U2,N,WT,INWR,_T,4F0,GY,2013-04,1.7933391060557,A,F,,,P1M,A,,14,ECB wage tracker with unsmoothed one-off payments,"Euro area, non-seasonally adjusted, wage tracker, with unsmoothed one-off payments, total economy, compiled by the ECB, annual rates of change",PT,0
EWT.M.U2.N.WT.INWR._T.4F0.GY,M,U2,N,WT,INWR,_T,4F0,GY,2013-05,1.59722973672456,A,F,,,P1M,A,,14,ECB wage tracker with unsmoothed one-off payments,"Euro area, non-seasonally adjusted, wage tracker, with unsmoothed one-off payments, total economy, compiled by the ECB, annual rates of change",PT,0
EWT.M.U2.N.WT.INWR._T.4F0.GY,M,U2,N,WT,INWR,_T,4F0,GY,2013-06,1.5891502313896,A,F,,,P1M,A,,14,ECB wage tracker with unsmoothed one-off payments,"Euro area, non-seasonally adjusted, wage tracker, with unsmoothed one-off payments, total economy, compiled by the ECB, annual rates of change",PT,0
EWT.M.U2.N.WT.INWR._T.4F0.GY,M,U2,N,WT,INWR,_T,4F0,GY,2013-07,1.77533893547102,A,F,,,P1M,A,,14,ECB wage tracker with unsmoothed one-off payments,"Euro area, non-seasonally adjusted, wage tracker, with unsmoothed one-off payments, total economy, compiled by the ECB, annual rates of change",PT,0
EWT.M.U2.N.WT.INWR._T.4F0.GY,M,U2,N,WT,INWR,_T,4F0,GY,2013-08,1.88044262209456,A,F,,,P1M,A,,14,ECB wage tracker with unsmoothed one-off payments,"Euro area, non-seasonally adjusted, wage tracker, with unsmoothed one-off payments, total economy, compiled by the ECB, annual rates of change",PT,0
EWT.M.U2.N.WT.INWR._T.4F0.GY,M,U2,N,WT,INWR,_T,4F0,GY,2013-09,1.81349192466852,A,F,,,P1M,A,,14,ECB wage tracker with unsmoothed one-off payments,"Euro area, non-seasonally adjusted, wage tracker, with unsmoothed one-off payments, total economy, compiled by the ECB, annual rates of change",PT,0
EWT.M.U2.N.WT.INWR._T.4F0.GY,M,U2,N,WT,INWR,_T,4F0,GY,2013-10,1.86788007561485,A,F,,,P1M,A,,14,ECB wage tracker with unsmoothed one-off payments,"Euro area, non-seasonally adjusted, wage tracker, with unsmoothed one-off payments, total economy, compiled by the ECB, annual rates of change",PT,0
EWT.M.U2.N.WT.INWR._T.4F0.GY,M,U2,N,WT,INWR,_T,4F0,GY,2013-11,1.77954429014146,A,F,,,P1M,A,,14,ECB wage tracker with unsmoothed one-off payments,"Euro area, non-seasonally adjusted, wage tracker, with unsmoothed one-off payments, total economy, compiled by the ECB, annual rates of change",PT,0
EWT.M.U2.N.WT.INWR._T.4F0.GY,M,U2,N,WT,INWR,_T,4F0,GY,2013-12,1.77517676640486,A,F,,,P1M,A,,14,ECB wage tracker with unsmoothed one-off payments,"Euro area, non-seasonally adjusted, wage tracker, with unsmoothed one-off payments, total economy, compiled by the ECB, annual rates of change",PT,0
EWT.M.U2.N.WT.INWR._T.4F0.GY,M,U2,N,WT,INWR,_T,4F0,GY,2014-01,1.78972590823365,A,F,,,P1M,A,,14,ECB wage tracker with unsmoothed one-off payments,"Euro area, non-seasonally adjusted, wage tracker, with unsmoothed one-off payments, total economy, compiled by the ECB, annual rates of change",PT,0
EWT.M.U2.N.WT.INWR._T.4F0.GY,M,U2,N,WT,INWR,_T,4F0,GY,2014-02,1.8913264975136,A,F,,,P1M,A,,14,ECB wage tracker with unsmoothed one-off payments,"Euro area, non-seasonally adjusted, wage tracker, with unsmoothed one-off payments, total economy, compiled by the ECB, annual rates of change",PT,0
EWT.M.U2.N.WT.INWR._T.4F0.GY,M,U2,N,WT,INWR,_T,4F0,GY,2014-03,1.93741647668801,A,F,,,P1M,A,,14,ECB wage tracker with unsmoothed one-off payments,"Euro area, non-seasonally adjusted, wage tracker, with unsmoothed one-off payments, total economy, compiled by the ECB, annual rates of change",PT,0
EWT.M.U2.N.WT.INWR._T.4F0.GY,M,U2,N,WT,INWR,_T,4F0,GY,2014-04,1.89130683821602,A,F,,,P1M,A,,14,ECB wage tracker with unsmoothed one-off payments,"Euro area, non-seasonally adjusted, wage tracker, with unsmoothed one-off payments, total economy, compiled by the ECB, annual rates of change",PT,0
EWT.M.U2.N.WT.INWR._T.4F0.GY,M,U2,N,WT,INWR,_T,4F0,GY,2014-05,2.25123823547898,A,F,,,P1M,A,,14,ECB wage tracker with unsmoothed one-off payments,"Euro area, non-seasonally adjusted, wage tracker, with unsmoothed one-off payments, total economy, compiled by the ECB, annual rates of change",PT,0
EWT.M.U2.N.WT.INWR._T.4F0.GY,M,U2,N,WT,INWR,_T,4F0,GY,2014-06,2.11546860458389,A,F,,,P1M,A,,14,ECB wage tracker with unsmoothed one-off payments,"Euro area, non-seasonally adjusted, wage tracker, with unsmoothed one-off payments, total economy, compiled by the ECB, annual rates of change",PT,0
EWT.M.U2.N.WT.INWR._T.4F0.GY,M,U2,N,WT,INWR,_T,4F0,GY,2014-07,1.76125685628908,A,F,,,P1M,A,,14,ECB wage tracker with unsmoothed one-off payments,"Euro area, non-seasonally adjusted, wage tracker, with unsmoothed one-off payments, total economy, compiled by the ECB, annual rates of change",PT,0
EWT.M.U2.N.WT.INWR._T.4F0.GY,M,U2,N,WT,INWR,_T,4F0,GY,2014-08,1.68083670960335,A,F,,,P1M,A,,14,ECB wage tracker with unsmoothed one-off payments,"Euro area, non-seasonally adjusted, wage tracker, with unsmoothed one-off payments, total economy, compiled by the ECB, annual rates of change",PT,0
EWT.M.U2.N.WT.INWR._T.4F0.GY,M,U2,N,WT,INWR,_T,4F0,GY,2014-09,1.69334813301148,A,F,,,P1M,A,,14,ECB wage tracker with unsmoothed one-off payments,"Euro area, non-seasonally adjusted, wage tracker, with unsmoothed one-off payments, total economy, compiled by the ECB, annual rates of change",PT,0
EWT.M.U2.N.WT.INWR._T.4F0.GY,M,U2,N,WT,INWR,_T,4F0,GY,2014-10,1.73184888900467,A,F,,,P1M,A,,14,ECB wage tracker with unsmoothed one-off payments,"Euro area, non-seasonally adjusted, wage tracker, with unsmoothed one-off payments, total economy, compiled by the ECB, annual rates of change",PT,0
EWT.M.U2.N.WT.INWR._T.4F0.GY,M,U2,N,WT,INWR,_T,4F0,GY,2014-11,1.72081278010471,A,F,,,P1M,A,,14,ECB wage tracker with unsmoothed one-off payments,"Euro area, non-seasonally adjusted, wage tracker, with unsmoothed one-off payments, total economy, compiled by the ECB, annual rates of change",PT,0
EWT.M.U2.N.WT.INWR._T.4F0.GY,M,U2,N,WT,INWR,_T,4F0,GY,2014-12,1.77895333856374,A,F,,,P1M,A,,14,ECB wage tracker with unsmoothed one-off payments,"Euro area, non-seasonally adjusted, wage tracker, with unsmoothed one-off payments, total economy, compiled by the ECB, annual rates of change",PT,0
EWT.M.U2.N.WT.INWR._T.4F0.GY,M,U2,N,WT,INWR,_T,4F0,GY,2015-01,1.42546267010929,A,F,,,P1M,A,,14,ECB wage tracker with unsmoothed one-off payments,"Euro area, non-seasonally adjusted, wage tracker, with unsmoothed one-off payments, total economy, compiled by the ECB, annual rates of change",PT,0
EWT.M.U2.N.WT.INWR._T.4F0.GY,M,U2,N,WT,INWR,_T,4F0,GY,2015-02,1.39918705126335,A,F,,,P1M,A,,14,ECB wage tracker with unsmoothed one-off payments,"Euro area, non-seasonally adjusted, wage tracker, with unsmoothed one-off payments, total economy, compiled by the ECB, annual rates of change",PT,0
EWT.M.U2.N.WT.INWR._T.4F0.GY,M,U2,N,WT,INWR,_T,4F0,GY,2015-03,1.6475372964421,A,F,,,P1M,A,,14,ECB wage tracker with unsmoothed one-off payments,"Euro area, non-seasonally adjusted, wage tracker, with unsmoothed one-off payments, total economy, compiled by the ECB, annual rates of change",PT,0
EWT.M.U2.N.WT.INWR._T.4F0.GY,M,U2,N,WT,INWR,_T,4F0,GY,2015-04,1.50886458938588,A,F,,,P1M,A,,14,ECB wage tracker with unsmoothed one-off payments,"Euro area, non-seasonally adjusted, wage tracker, with unsmoothed one-off payments, total economy, compiled by the ECB, annual rates of change",PT,0
EWT.M.U2.N.WT.INWR._T.4F0.GY,M,U2,N,WT,INWR,_T,4F0,GY,2015-05,1.2514444733805,A,F,,,P1M,A,,14,ECB wage tracker with unsmoothed one-off payments,"Euro area, non-seasonally adjusted, wage tracker, with unsmoothed one-off payments, total economy, compiled by the ECB, annual rates of change",PT,0
EWT.M.U2.N.WT.INWR._T.4F0.GY,M,U2,N,WT,INWR,_T,4F0,GY,2015-06,1.35569168859961,A,F,,,P1M,A,,14,ECB wage tracker with unsmoothed one-off payments,"Euro area, non-seasonally adjusted, wage tracker, with unsmoothed one-off payments, total economy, compiled by the ECB, annual rates of change",PT,0
EWT.M.U2.N.WT.INWR._T.4F0.GY,M,U2,N,WT,INWR,_T,4F0,GY,2015-07,1.60880892926167,A,F,,,P1M,A,,14,ECB wage tracker with unsmoothed one-off payments,"Euro area, non-seasonally adjusted, wage tracker, with unsmoothed one-off payments, total economy, compiled by the ECB, annual rates of change",PT,0
EWT.M.U2.N.WT.INWR._T.4F0.GY,M,U2,N,WT,INWR,_T,4F0,GY,2015-08,1.50819187136203,A,F,,,P1M,A,,14,ECB wage tracker with unsmoothed one-off payments,"Euro area, non-seasonally adjusted, wage tracker, with unsmoothed one-off payments, total economy, compiled by the ECB, annual rates of change",PT,0
EWT.M.U2.N.WT.INWR._T.4F0.GY,M,U2,N,WT,INWR,_T,4F0,GY,2015-09,1.5478195238276,A,F,,,P1M,A,,14,ECB wage tracker with unsmoothed one-off payments,"Euro area, non-seasonally adjusted, wage tracker, with unsmoothed one-off payments, total economy, compiled by the ECB, annual rates of change",PT,0
EWT.M.U2.N.WT.INWR._T.4F0.GY,M,U2,N,WT,INWR,_T,4F0,GY,2015-10,1.54435898862875,A,F,,,P1M,A,,14,ECB wage tracker with unsmoothed one-off payments,"Euro area, non-seasonally adjusted, wage tracker, with unsmoothed one-off payments, total economy, compiled by the ECB, annual rates of change",PT,0
EWT.M.U2.N.WT.INWR._T.4F0.GY,M,U2,N,WT,INWR,_T,4F0,GY,2015-11,1.5231931865853,A,F,,,P1M,A,,14,ECB wage tracker with unsmoothed one-off payments,"Euro area, non-seasonally adjusted, wage tracker, with unsmoothed one-off payments, total economy, compiled by the ECB, annual rates of change",PT,0
EWT.M.U2.N.WT.INWR._T.4F0.GY,M,U2,N,WT,INWR,_T,4F0,GY,2015-12,1.52050092694972,A,F,,,P1M,A,,14,ECB wage tracker with unsmoothed one-off payments,"Euro area, non-seasonally adjusted, wage tracker, with unsmoothed one-off payments, total economy, compiled by the ECB, annual rates of change",PT,0
EWT.M.U2.N.WT.INWR._T.4F0.GY,M,U2,N,WT,INWR,_T,4F0,GY,2016-01,1.41963277923077,A,F,,,P1M,A,,14,ECB wage tracker with unsmoothed one-off payments,"Euro area, non-seasonally adjusted, wage tracker, with unsmoothed one-off payments, total economy, compiled by the ECB, annual rates of change",PT,0
EWT.M.U2.N.WT.INWR._T.4F0.GY,M,U2,N,WT,INWR,_T,4F0,GY,2016-02,1.35121041083552,A,F,,,P1M,A,,14,ECB wage tracker with unsmoothed one-off payments,"Euro area, non-seasonally adjusted, wage tracker, with unsmoothed one-off payments, total economy, compiled by the ECB, annual rates of change",PT,0
EWT.M.U2.N.WT.INWR._T.4F0.GY,M,U2,N,WT,INWR,_T,4F0,GY,2016-03,1.20116736816509,A,F,,,P1M,A,,14,ECB wage tracker with unsmoothed one-off payments,"Euro area, non-seasonally adjusted, wage tracker, with unsmoothed one-off payments, total economy, compiled by the ECB, annual rates of change",PT,0
EWT.M.U2.N.WT.INWR._T.4F0.GY,M,U2,N,WT,INWR,_T,4F0,GY,2016-04,1.36562224350054,A,F,,,P1M,A,,14,ECB wage tracker with unsmoothed one-off payments,"Euro area, non-seasonally adjusted, wage tracker, with unsmoothed one-off payments, total economy, compiled by the ECB, annual rates of change",PT,0
EWT.M.U2.N.WT.INWR._T.4F0.GY,M,U2,N,WT,INWR,_T,4F0,GY,2016-05,1.51842267955842,A,F,,,P1M,A,,14,ECB wage tracker with unsmoothed one-off payments,"Euro area, non-seasonally adjusted, wage tracker, with unsmoothed one-off payments, total economy, compiled by the ECB, annual rates of change",PT,0
EWT.M.U2.N.WT.INWR._T.4F0.GY,M,U2,N,WT,INWR,_T,4F0,GY,2016-06,1.77074689610733,A,F,,,P1M,A,,14,ECB wage tracker with unsmoothed one-off payments,"Euro area, non-seasonally adjusted, wage tracker, with unsmoothed one-off payments, total economy, compiled by the ECB, annual rates of change",PT,0
EWT.M.U2.N.WT.INWR._T.4F0.GY,M,U2,N,WT,INWR,_T,4F0,GY,2016-07,1.2947795158966,A,F,,,P1M,A,,14,ECB wage tracker with unsmoothed one-off payments,"Euro area, non-seasonally adjusted, wage tracker, with unsmoothed one-off payments, total economy, compiled by the ECB, annual rates of change",PT,0
EWT.M.U2.N.WT.INWR._T.4F0.GY,M,U2,N,WT,INWR,_T,4F0,GY,2016-08,1.36887329573058,A,F,,,P1M,A,,14,ECB wage tracker with unsmoothed one-off payments,"Euro area, non-seasonally adjusted, wage tracker, with unsmoothed one-off payments, total economy, compiled by the ECB, annual rates of change",PT,0
EWT.M.U2.N.WT.INWR._T.4F0.GY,M,U2,N,WT,INWR,_T,4F0,GY,2016-09,1.34280118231716,A,F,,,P1M,A,,14,ECB wage tracker with unsmoothed one-off payments,"Euro area, non-seasonally adjusted, wage tracker, with unsmoothed one-off payments, total economy, compiled by the ECB, annual rates of change",PT,0
EWT.M.U2.N.WT.INWR._T.4F0.GY,M,U2,N,WT,INWR,_T,4F0,GY,2016-10,1.32524452787333,A,F,,,P1M,A,,14,ECB wage tracker with unsmoothed one-off payments,"Euro area, non-seasonally adjusted, wage tracker, with unsmoothed one-off payments, total economy, compiled by the ECB, annual rates of change",PT,0
EWT.M.U2.N.WT.INWR._T.4F0.GY,M,U2,N,WT,INWR,_T,4F0,GY,2016-11,1.35687058554572,A,F,,,P1M,A,,14,ECB wage tracker with unsmoothed one-off payments,"Euro area, non-seasonally adjusted, wage tracker, with unsmoothed one-off payments, total economy, compiled by the ECB, annual rates of change",PT,0
EWT.M.U2.N.WT.INWR._T.4F0.GY,M,U2,N,WT,INWR,_T,4F0,GY,2016-12,1.36497667710753,A,F,,,P1M,A,,14,ECB wage tracker with unsmoothed one-off payments,"Euro area, non-seasonally adjusted, wage tracker, with unsmoothed one-off payments, total economy, compiled by the ECB, annual rates of change",PT,0
EWT.M.U2.N.WT.INWR._T.4F0.GY,M,U2,N,WT,INWR,_T,4F0,GY,2017-01,1.58410794449096,A,F,,,P1M,A,,14,ECB wage tracker with unsmoothed one-off payments,"Euro area, non-seasonally adjusted, wage tracker, with unsmoothed one-off payments, total economy, compiled by the ECB, annual rates of change",PT,0
EWT.M.U2.N.WT.INWR._T.4F0.GY,M,U2,N,WT,INWR,_T,4F0,GY,2017-02,1.57863663561505,A,F,,,P1M,A,,14,ECB wage tracker with unsmoothed one-off payments,"Euro area, non-seasonally adjusted, wage tracker, with unsmoothed one-off payments, total economy, compiled by the ECB, annual rates of change",PT,0
EWT.M.U2.N.WT.INWR._T.4F0.GY,M,U2,N,WT,INWR,_T,4F0,GY,2017-03,1.39944889370959,A,F,,,P1M,A,,14,ECB wage tracker with unsmoothed one-off payments,"Euro area, non-seasonally adjusted, wage tracker, with unsmoothed one-off payments, total economy, compiled by the ECB, annual rates of change",PT,0
EWT.M.U2.N.WT.INWR._T.4F0.GY,M,U2,N,WT,INWR,_T,4F0,GY,2017-04,1.42176131898316,A,F,,,P1M,A,,14,ECB wage tracker with unsmoothed one-off payments,"Euro area, non-seasonally adjusted, wage tracker, with unsmoothed one-off payments, total economy, compiled by the ECB, annual rates of change",PT,0
EWT.M.U2.N.WT.INWR._T.4F0.GY,M,U2,N,WT,INWR,_T,4F0,GY,2017-05,1.25307107223146,A,F,,,P1M,A,,14,ECB wage tracker with unsmoothed one-off payments,"Euro area, non-seasonally adjusted, wage tracker, with unsmoothed one-off payments, total economy, compiled by the ECB, annual rates of change",PT,0
EWT.M.U2.N.WT.INWR._T.4F0.GY,M,U2,N,WT,INWR,_T,4F0,GY,2017-06,1.1516336272147,A,F,,,P1M,A,,14,ECB wage tracker with unsmoothed one-off payments,"Euro area, non-seasonally adjusted, wage tracker, with unsmoothed one-off payments, total economy, compiled by the ECB, annual rates of change",PT,0
EWT.M.U2.N.WT.INWR._T.4F0.GY,M,U2,N,WT,INWR,_T,4F0,GY,2017-07,1.29744883446394,A,F,,,P1M,A,,14,ECB wage tracker with unsmoothed one-off payments,"Euro area, non-seasonally adjusted, wage tracker, with unsmoothed one-off payments, total economy, compiled by the ECB, annual rates of change",PT,0
EWT.M.U2.N.WT.INWR._T.4F0.GY,M,U2,N,WT,INWR,_T,4F0,GY,2017-08,1.44779795458704,A,F,,,P1M,A,,14,ECB wage tracker with unsmoothed one-off payments,"Euro area, non-seasonally adjusted, wage tracker, with unsmoothed one-off payments, total economy, compiled by the ECB, annual rates of change",PT,0
EWT.M.U2.N.WT.INWR._T.4F0.GY,M,U2,N,WT,INWR,_T,4F0,GY,2017-09,1.40836954577228,A,F,,,P1M,A,,14,ECB wage tracker with unsmoothed one-off payments,"Euro area, non-seasonally adjusted, wage tracker, with unsmoothed one-off payments, total economy, compiled by the ECB, annual rates of change",PT,0
EWT.M.U2.N.WT.INWR._T.4F0.GY,M,U2,N,WT,INWR,_T,4F0,GY,2017-10,1.40338196520019,A,F,,,P1M,A,,14,ECB wage tracker with unsmoothed one-off payments,"Euro area, non-seasonally adjusted, wage tracker, with unsmoothed one-off payments, total economy, compiled by the ECB, annual rates of change",PT,0
EWT.M.U2.N.WT.INWR._T.4F0.GY,M,U2,N,WT,INWR,_T,4F0,GY,2017-11,1.40688796634812,A,F,,,P1M,A,,14,ECB wage tracker with unsmoothed one-off payments,"Euro area, non-seasonally adjusted, wage tracker, with unsmoothed one-off payments, total economy, compiled by the ECB, annual rates of change",PT,0
EWT.M.U2.N.WT.INWR._T.4F0.GY,M,U2,N,WT,INWR,_T,4F0,GY,2017-12,1.3947881593795,A,F,,,P1M,A,,14,ECB wage tracker with unsmoothed one-off payments,"Euro area, non-seasonally adjusted, wage tracker, with unsmoothed one-off payments, total economy, compiled by the ECB, annual rates of change",PT,0
EWT.M.U2.N.WT.INWR._T.4F0.GY,M,U2,N,WT,INWR,_T,4F0,GY,2018-01,1.58095476678802,A,F,,,P1M,A,,14,ECB wage tracker with unsmoothed one-off payments,"Euro area, non-seasonally adjusted, wage tracker, with unsmoothed one-off payments, total economy, compiled by the ECB, annual rates of change",PT,0
EWT.M.U2.N.WT.INWR._T.4F0.GY,M,U2,N,WT,INWR,_T,4F0,GY,2018-02,1.54578309367867,A,F,,,P1M,A,,14,ECB wage tracker with unsmoothed one-off payments,"Euro area, non-seasonally adjusted, wage tracker, with unsmoothed one-off payments, total economy, compiled by the ECB, annual rates of change",PT,0
EWT.M.U2.N.WT.INWR._T.4F0.GY,M,U2,N,WT,INWR,_T,4F0,GY,2018-03,1.80199432304765,A,F,,,P1M,A,,14,ECB wage tracker with unsmoothed one-off payments,"Euro area, non-seasonally adjusted, wage tracker, with unsmoothed one-off payments, total economy, compiled by the ECB, annual rates of change",PT,0
EWT.M.U2.N.WT.INWR._T.4F0.GY,M,U2,N,WT,INWR,_T,4F0,GY,2018-04,1.91877904383421,A,F,,,P1M,A,,14,ECB wage tracker with unsmoothed one-off payments,"Euro area, non-seasonally adjusted, wage tracker, with unsmoothed one-off payments, total economy, compiled by the ECB, annual rates of change",PT,0
EWT.M.U2.N.WT.INWR._T.4F0.GY,M,U2,N,WT,INWR,_T,4F0,GY,2018-05,2.91754468930799,A,F,,,P1M,A,,14,ECB wage tracker with unsmoothed one-off payments,"Euro area, non-seasonally adjusted, wage tracker, with unsmoothed one-off payments, total economy, compiled by the ECB, annual rates of change",PT,0
EWT.M.U2.N.WT.INWR._T.4F0.GY,M,U2,N,WT,INWR,_T,4F0,GY,2018-06,2.27925011397098,A,F,,,P1M,A,,14,ECB wage tracker with unsmoothed one-off payments,"Euro area, non-seasonally adjusted, wage tracker, with unsmoothed one-off payments, total economy, compiled by the ECB, annual rates of change",PT,0
EWT.M.U2.N.WT.INWR._T.4F0.GY,M,U2,N,WT,INWR,_T,4F0,GY,2018-07,2.02123757780656,A,F,,,P1M,A,,14,ECB wage tracker with unsmoothed one-off payments,"Euro area, non-seasonally adjusted, wage tracker, with unsmoothed one-off payments, total economy, compiled by the ECB, annual rates of change",PT,0
EWT.M.U2.N.WT.INWR._T.4F0.GY,M,U2,N,WT,INWR,_T,4F0,GY,2018-08,1.90353138788572,A,F,,,P1M,A,,14,ECB wage tracker with unsmoothed one-off payments,"Euro area, non-seasonally adjusted, wage tracker, with unsmoothed one-off payments, total economy, compiled by the ECB, annual rates of change",PT,0
EWT.M.U2.N.WT.INWR._T.4F0.GY,M,U2,N,WT,INWR,_T,4F0,GY,2018-09,1.94599116439687,A,F,,,P1M,A,,14,ECB wage tracker with unsmoothed one-off payments,"Euro area, non-seasonally adjusted, wage tracker, with unsmoothed one-off payments, total economy, compiled by the ECB, annual rates of change",PT,0
EWT.M.U2.N.WT.INWR._T.4F0.GY,M,U2,N,WT,INWR,_T,4F0,GY,2018-10,2.03863812340855,A,F,,,P1M,A,,14,ECB wage tracker with unsmoothed one-off payments,"Euro area, non-seasonally adjusted, wage tracker, with unsmoothed one-off payments, total economy, compiled by the ECB, annual rates of change",PT,0
EWT.M.U2.N.WT.INWR._T.4F0.GY,M,U2,N,WT,INWR,_T,4F0,GY,2018-11,2.21018032282775,A,F,,,P1M,A,,14,ECB wage tracker with unsmoothed one-off payments,"Euro area, non-seasonally adjusted, wage tracker, with unsmoothed one-off payments, total economy, compiled by the ECB, annual rates of change",PT,0
EWT.M.U2.N.WT.INWR._T.4F0.GY,M,U2,N,WT,INWR,_T,4F0,GY,2018-12,2.01503115739285,A,F,,,P1M,A,,14,ECB wage tracker with unsmoothed one-off payments,"Euro area, non-seasonally adjusted, wage tracker, with unsmoothed one-off payments, total economy, compiled by the ECB, annual rates of change",PT,0
EWT.M.U2.N.WT.INWR._T.4F0.GY,M,U2,N,WT,INWR,_T,4F0,GY,2019-01,2.10478890137418,A,F,,,P1M,A,,14,ECB wage tracker with unsmoothed one-off payments,"Euro area, non-seasonally adjusted, wage tracker, with unsmoothed one-off payments, total economy, compiled by the ECB, annual rates of change",PT,0
EWT.M.U2.N.WT.INWR._T.4F0.GY,M,U2,N,WT,INWR,_T,4F0,GY,2019-02,2.31805434833447,A,F,,,P1M,A,,14,ECB wage tracker with unsmoothed one-off payments,"Euro area, non-seasonally adjusted, wage tracker, with unsmoothed one-off payments, total economy, compiled by the ECB, annual rates of change",PT,0
EWT.M.U2.N.WT.INWR._T.4F0.GY,M,U2,N,WT,INWR,_T,4F0,GY,2019-03,1.87688402659182,A,F,,,P1M,A,,14,ECB wage tracker with unsmoothed one-off payments,"Euro area, non-seasonally adjusted, wage tracker, with unsmoothed one-off payments, total economy, compiled by the ECB, annual rates of change",PT,0
EWT.M.U2.N.WT.INWR._T.4F0.GY,M,U2,N,WT,INWR,_T,4F0,GY,2019-04,1.86700808879208,A,F,,,P1M,A,,14,ECB wage tracker with unsmoothed one-off payments,"Euro area, non-seasonally adjusted, wage tracker, with unsmoothed one-off payments, total economy, compiled by the ECB, annual rates of change",PT,0
EWT.M.U2.N.WT.INWR._T.4F0.GY,M,U2,N,WT,INWR,_T,4F0,GY,2019-05,1.01669702635649,A,F,,,P1M,A,,14,ECB wage tracker with unsmoothed one-off payments,"Euro area, non-seasonally adjusted, wage tracker, with unsmoothed one-off payments, total economy, compiled by the ECB, annual rates of change",PT,0
EWT.M.U2.N.WT.INWR._T.4F0.GY,M,U2,N,WT,INWR,_T,4F0,GY,2019-06,1.63019521092087,A,F,,,P1M,A,,14,ECB wage tracker with unsmoothed one-off payments,"Euro area, non-seasonally adjusted, wage tracker, with unsmoothed one-off payments, total economy, compiled by the ECB, annual rates of change",PT,0
EWT.M.U2.N.WT.INWR._T.4F0.GY,M,U2,N,WT,INWR,_T,4F0,GY,2019-07,3.82773675990177,A,F,,,P1M,A,,14,ECB wage tracker with unsmoothed one-off payments,"Euro area, non-seasonally adjusted, wage tracker, with unsmoothed one-off payments, total economy, compiled by the ECB, annual rates of change",PT,0
EWT.M.U2.N.WT.INWR._T.4F0.GY,M,U2,N,WT,INWR,_T,4F0,GY,2019-08,1.89470529856992,A,F,,,P1M,A,,14,ECB wage tracker with unsmoothed one-off payments,"Euro area, non-seasonally adjusted, wage tracker, with unsmoothed one-off payments, total economy, compiled by the ECB, annual rates of change",PT,0
EWT.M.U2.N.WT.INWR._T.4F0.GY,M,U2,N,WT,INWR,_T,4F0,GY,2019-09,1.8348236988216,A,F,,,P1M,A,,14,ECB wage tracker with unsmoothed one-off payments,"Euro area, non-seasonally adjusted, wage tracker, with unsmoothed one-off payments, total economy, compiled by the ECB, annual rates of change",PT,0
EWT.M.U2.N.WT.INWR._T.4F0.GY,M,U2,N,WT,INWR,_T,4F0,GY,2019-10,1.80550417681198,A,F,,,P1M,A,,14,ECB wage tracker with unsmoothed one-off payments,"Euro area, non-seasonally adjusted, wage tracker, with unsmoothed one-off payments, total economy, compiled by the ECB, annual rates of change",PT,0
EWT.M.U2.N.WT.INWR._T.4F0.GY,M,U2,N,WT,INWR,_T,4F0,GY,2019-11,1.69464551092047,A,F,,,P1M,A,,14,ECB wage tracker with unsmoothed one-off payments,"Euro area, non-seasonally adjusted, wage tracker, with unsmoothed one-off payments, total economy, compiled by the ECB, annual rates of change",PT,0
EWT.M.U2.N.WT.INWR._T.4F0.GY,M,U2,N,WT,INWR,_T,4F0,GY,2019-12,1.9475225411787,A,F,,,P1M,A,,14,ECB wage tracker with unsmoothed one-off payments,"Euro area, non-seasonally adjusted, wage tracker, with unsmoothed one-off payments, total economy, compiled by the ECB, annual rates of change",PT,0
EWT.M.U2.N.WT.INWR._T.4F0.GY,M,U2,N,WT,INWR,_T,4F0,GY,2020-01,1.73028015716893,A,F,,,P1M,A,,14,ECB wage tracker with unsmoothed one-off payments,"Euro area, non-seasonally adjusted, wage tracker, with unsmoothed one-off payments, total economy, compiled by the ECB, annual rates of change",PT,0
EWT.M.U2.N.WT.INWR._T.4F0.GY,M,U2,N,WT,INWR,_T,4F0,GY,2020-02,1.606207328321,A,F,,,P1M,A,,14,ECB wage tracker with unsmoothed one-off payments,"Euro area, non-seasonally adjusted, wage tracker, with unsmoothed one-off payments, total economy, compiled by the ECB, annual rates of change",PT,0
EWT.M.U2.N.WT.INWR._T.4F0.GY,M,U2,N,WT,INWR,_T,4F0,GY,2020-03,1.75419641626913,A,F,,,P1M,A,,14,ECB wage tracker with unsmoothed one-off payments,"Euro area, non-seasonally adjusted, wage tracker, with unsmoothed one-off payments, total economy, compiled by the ECB, annual rates of change",PT,0
EWT.M.U2.N.WT.INWR._T.4F0.GY,M,U2,N,WT,INWR,_T,4F0,GY,2020-04,1.61896318797999,A,F,,,P1M,A,,14,ECB wage tracker with unsmoothed one-off payments,"Euro area, non-seasonally adjusted, wage tracker, with unsmoothed one-off payments, total economy, compiled by the ECB, annual rates of change",PT,0
EWT.M.U2.N.WT.INWR._T.4F0.GY,M,U2,N,WT,INWR,_T,4F0,GY,2020-05,1.53899472607245,A,F,,,P1M,A,,14,ECB wage tracker with unsmoothed one-off payments,"Euro area, non-seasonally adjusted, wage tracker, with unsmoothed one-off payments, total economy, compiled by the ECB, annual rates of change",PT,0
EWT.M.U2.N.WT.INWR._T.4F0.GY,M,U2,N,WT,INWR,_T,4F0,GY,2020-06,1.39191357094006,A,F,,,P1M,A,,14,ECB wage tracker with unsmoothed one-off payments,"Euro area, non-seasonally adjusted, wage tracker, with unsmoothed one-off payments, total economy, compiled by the ECB, annual rates of change",PT,0
EWT.M.U2.N.WT.INWR._T.4F0.GY,M,U2,N,WT,INWR,_T,4F0,GY,2020-07,1.37185664387948,A,F,,,P1M,A,,14,ECB wage tracker with unsmoothed one-off payments,"Euro area, non-seasonally adjusted, wage tracker, with unsmoothed one-off payments, total economy, compiled by the ECB, annual rates of change",PT,0
EWT.M.U2.N.WT.INWR._T.4F0.GY,M,U2,N,WT,INWR,_T,4F0,GY,2020-08,1.33531844260481,A,F,,,P1M,A,,14,ECB wage tracker with unsmoothed one-off payments,"Euro area, non-seasonally adjusted, wage tracker, with unsmoothed one-off payments, total economy, compiled by the ECB, annual rates of change",PT,0
EWT.M.U2.N.WT.INWR._T.4F0.GY,M,U2,N,WT,INWR,_T,4F0,GY,2020-09,1.3200080825977,A,F,,,P1M,A,,14,ECB wage tracker with unsmoothed one-off payments,"Euro area, non-seasonally adjusted, wage tracker, with unsmoothed one-off payments, total economy, compiled by the ECB, annual rates of change",PT,0
EWT.M.U2.N.WT.INWR._T.4F0.GY,M,U2,N,WT,INWR,_T,4F0,GY,2020-10,1.28211767561366,A,F,,,P1M,A,,14,ECB wage tracker with unsmoothed one-off payments,"Euro area, non-seasonally adjusted, wage tracker, with unsmoothed one-off payments, total economy, compiled by the ECB, annual rates of change",PT,0
EWT.M.U2.N.WT.INWR._T.4F0.GY,M,U2,N,WT,INWR,_T,4F0,GY,2020-11,1.43736297958748,A,F,,,P1M,A,,14,ECB wage tracker with unsmoothed one-off payments,"Euro area, non-seasonally adjusted, wage tracker, with unsmoothed one-off payments, total economy, compiled by the ECB, annual rates of change",PT,0
EWT.M.U2.N.WT.INWR._T.4F0.GY,M,U2,N,WT,INWR,_T,4F0,GY,2020-12,2.02509279005112,A,F,,,P1M,A,,14,ECB wage tracker with unsmoothed one-off payments,"Euro area, non-seasonally adjusted, wage tracker, with unsmoothed one-off payments, total economy, compiled by the ECB, annual rates of change",PT,0
EWT.M.U2.N.WT.INWR._T.4F0.GY,M,U2,N,WT,INWR,_T,4F0,GY,2021-01,1.14566384578373,A,F,,,P1M,A,,14,ECB wage tracker with unsmoothed one-off payments,"Euro area, non-seasonally adjusted, wage tracker, with unsmoothed one-off payments, total economy, compiled by the ECB, annual rates of change",PT,0
EWT.M.U2.N.WT.INWR._T.4F0.GY,M,U2,N,WT,INWR,_T,4F0,GY,2021-02,1.12066254785845,A,F,,,P1M,A,,14,ECB wage tracker with unsmoothed one-off payments,"Euro area, non-seasonally adjusted, wage tracker, with unsmoothed one-off payments, total economy, compiled by the ECB, annual rates of change",PT,0
EWT.M.U2.N.WT.INWR._T.4F0.GY,M,U2,N,WT,INWR,_T,4F0,GY,2021-03,1.04152670815709,A,F,,,P1M,A,,14,ECB wage tracker with unsmoothed one-off payments,"Euro area, non-seasonally adjusted, wage tracker, with unsmoothed one-off payments, total economy, compiled by the ECB, annual rates of change",PT,0
EWT.M.U2.N.WT.INWR._T.4F0.GY,M,U2,N,WT,INWR,_T,4F0,GY,2021-04,1.17464376621526,A,F,,,P1M,A,,14,ECB wage tracker with unsmoothed one-off payments,"Euro area, non-seasonally adjusted, wage tracker, with unsmoothed one-off payments, total economy, compiled by the ECB, annual rates of change",PT,0
EWT.M.U2.N.WT.INWR._T.4F0.GY,M,U2,N,WT,INWR,_T,4F0,GY,2021-05,1.2037286103688,A,F,,,P1M,A,,14,ECB wage tracker with unsmoothed one-off payments,"Euro area, non-seasonally adjusted, wage tracker, with unsmoothed one-off payments, total economy, compiled by the ECB, annual rates of change",PT,0
EWT.M.U2.N.WT.INWR._T.4F0.GY,M,U2,N,WT,INWR,_T,4F0,GY,2021-06,2.1622409701442,A,F,,,P1M,A,,14,ECB wage tracker with unsmoothed one-off payments,"Euro area, non-seasonally adjusted, wage tracker, with unsmoothed one-off payments, total economy, compiled by the ECB, annual rates of change",PT,0
EWT.M.U2.N.WT.INWR._T.4F0.GY,M,U2,N,WT,INWR,_T,4F0,GY,2021-07,0.938028730523045,A,F,,,P1M,A,,14,ECB wage tracker with unsmoothed one-off payments,"Euro area, non-seasonally adjusted, wage tracker, with unsmoothed one-off payments, total economy, compiled by the ECB, annual rates of change",PT,0
EWT.M.U2.N.WT.INWR._T.4F0.GY,M,U2,N,WT,INWR,_T,4F0,GY,2021-08,1.41761974939061,A,F,,,P1M,A,,14,ECB wage tracker with unsmoothed one-off payments,"Euro area, non-seasonally adjusted, wage tracker, with unsmoothed one-off payments, total economy, compiled by the ECB, annual rates of change",PT,0
EWT.M.U2.N.WT.INWR._T.4F0.GY,M,U2,N,WT,INWR,_T,4F0,GY,2021-09,1.36151215632737,A,F,,,P1M,A,,14,ECB wage tracker with unsmoothed one-off payments,"Euro area, non-seasonally adjusted, wage tracker, with unsmoothed one-off payments, total economy, compiled by the ECB, annual rates of change",PT,0
EWT.M.U2.N.WT.INWR._T.4F0.GY,M,U2,N,WT,INWR,_T,4F0,GY,2021-10,2.0207583203042,A,F,,,P1M,A,,14,ECB wage tracker with unsmoothed one-off payments,"Euro area, non-seasonally adjusted, wage tracker, with unsmoothed one-off payments, total economy, compiled by the ECB, annual rates of change",PT,0
EWT.M.U2.N.WT.INWR._T.4F0.GY,M,U2,N,WT,INWR,_T,4F0,GY,2021-11,1.19594391709454,A,F,,,P1M,A,,14,ECB wage tracker with unsmoothed one-off payments,"Euro area, non-seasonally adjusted, wage tracker, with unsmoothed one-off payments, total economy, compiled by the ECB, annual rates of change",PT,0
EWT.M.U2.N.WT.INWR._T.4F0.GY,M,U2,N,WT,INWR,_T,4F0,GY,2021-12,1.20857872713289,A,F,,,P1M,A,,14,ECB wage tracker with unsmoothed one-off payments,"Euro area, non-seasonally adjusted, wage tracker, with unsmoothed one-off payments, total economy, compiled by the ECB, annual rates of change",PT,0
EWT.M.U2.N.WT.INWR._T.4F0.GY,M,U2,N,WT,INWR,_T,4F0,GY,2022-01,2.26324813280977,A,F,,,P1M,A,,14,ECB wage tracker with unsmoothed one-off payments,"Euro area, non-seasonally adjusted, wage tracker, with unsmoothed one-off payments, total economy, compiled by the ECB, annual rates of change",PT,0
EWT.M.U2.N.WT.INWR._T.4F0.GY,M,U2,N,WT,INWR,_T,4F0,GY,2022-02,3.06852236104939,A,F,,,P1M,A,,14,ECB wage tracker with unsmoothed one-off payments,"Euro area, non-seasonally adjusted, wage tracker, with unsmoothed one-off payments, total economy, compiled by the ECB, annual rates of change",PT,0
EWT.M.U2.N.WT.INWR._T.4F0.GY,M,U2,N,WT,INWR,_T,4F0,GY,2022-03,4.11143683980465,A,F,,,P1M,A,,14,ECB wage tracker with unsmoothed one-off payments,"Euro area, non-seasonally adjusted, wage tracker, with unsmoothed one-off payments, total economy, compiled by the ECB, annual rates of change",PT,0
EWT.M.U2.N.WT.INWR._T.4F0.GY,M,U2,N,WT,INWR,_T,4F0,GY,2022-04,2.67966518523246,A,F,,,P1M,A,,14,ECB wage tracker with unsmoothed one-off payments,"Euro area, non-seasonally adjusted, wage tracker, with unsmoothed one-off payments, total economy, compiled by the ECB, annual rates of change",PT,0
EWT.M.U2.N.WT.INWR._T.4F0.GY,M,U2,N,WT,INWR,_T,4F0,GY,2022-05,3.23674858395621,A,F,,,P1M,A,,14,ECB wage tracker with unsmoothed one-off payments,"Euro area, non-seasonally adjusted, wage tracker, with unsmoothed one-off payments, total economy, compiled by the ECB, annual rates of change",PT,0
EWT.M.U2.N.WT.INWR._T.4F0.GY,M,U2,N,WT,INWR,_T,4F0,GY,2022-06,1.96696544500994,A,F,,,P1M,A,,14,ECB wage tracker with unsmoothed one-off payments,"Euro area, non-seasonally adjusted, wage tracker, with unsmoothed one-off payments, total economy, compiled by the ECB, annual rates of change",PT,0
EWT.M.U2.N.WT.INWR._T.4F0.GY,M,U2,N,WT,INWR,_T,4F0,GY,2022-07,3.31135732056311,A,F,,,P1M,A,,14,ECB wage tracker with unsmoothed one-off payments,"Euro area, non-seasonally adjusted, wage tracker, with unsmoothed one-off payments, total economy, compiled by the ECB, annual rates of change",PT,0
EWT.M.U2.N.WT.INWR._T.4F0.GY,M,U2,N,WT,INWR,_T,4F0,GY,2022-08,2.75662588070499,A,F,,,P1M,A,,14,ECB wage tracker with unsmoothed one-off payments,"Euro area, non-seasonally adjusted, wage tracker, with unsmoothed one-off payments, total economy, compiled by the ECB, annual rates of change",PT,0
EWT.M.U2.N.WT.INWR._T.4F0.GY,M,U2,N,WT,INWR,_T,4F0,GY,2022-09,2.80474923155148,A,F,,,P1M,A,,14,ECB wage tracker with unsmoothed one-off payments,"Euro area, non-seasonally adjusted, wage tracker, with unsmoothed one-off payments, total economy, compiled by the ECB, annual rates of change",PT,0
EWT.M.U2.N.WT.INWR._T.4F0.GY,M,U2,N,WT,INWR,_T,4F0,GY,2022-10,2.6905059597136,A,F,,,P1M,A,,14,ECB wage tracker with unsmoothed one-off payments,"Euro area, non-seasonally adjusted, wage tracker, with unsmoothed one-off payments, total economy, compiled by the ECB, annual rates of change",PT,0
EWT.M.U2.N.WT.INWR._T.4F0.GY,M,U2,N,WT,INWR,_T,4F0,GY,2022-11,4.1702372046279,A,F,,,P1M,A,,14,ECB wage tracker with unsmoothed one-off payments,"Euro area, non-seasonally adjusted, wage tracker, with unsmoothed one-off payments, total economy, compiled by the ECB, annual rates of change",PT,0
EWT.M.U2.N.WT.INWR._T.4F0.GY,M,U2,N,WT,INWR,_T,4F0,GY,2022-12,4.65419198447993,A,F,,,P1M,A,,14,ECB wage tracker with unsmoothed one-off payments,"Euro area, non-seasonally adjusted, wage tracker, with unsmoothed one-off payments, total economy, compiled by the ECB, annual rates of change",PT,0
EWT.M.U2.N.WT.INWR._T.4F0.GY,M,U2,N,WT,INWR,_T,4F0,GY,2023-01,5.88693650334791,A,F,,,P1M,A,,14,ECB wage tracker with unsmoothed one-off payments,"Euro area, non-seasonally adjusted, wage tracker, with unsmoothed one-off payments, total economy, compiled by the ECB, annual rates of change",PT,0
EWT.M.U2.N.WT.INWR._T.4F0.GY,M,U2,N,WT,INWR,_T,4F0,GY,2023-02,5.02280357373681,A,F,,,P1M,A,,14,ECB wage tracker with unsmoothed one-off payments,"Euro area, non-seasonally adjusted, wage tracker, with unsmoothed one-off payments, total economy, compiled by the ECB, annual rates of change",PT,0
EWT.M.U2.N.WT.INWR._T.4F0.GY,M,U2,N,WT,INWR,_T,4F0,GY,2023-03,2.85718852927152,A,F,,,P1M,A,,14,ECB wage tracker with unsmoothed one-off payments,"Euro area, non-seasonally adjusted, wage tracker, with unsmoothed one-off payments, total economy, compiled by the ECB, annual rates of change",PT,0
EWT.M.U2.N.WT.INWR._T.4F0.GY,M,U2,N,WT,INWR,_T,4F0,GY,2023-04,3.86434172330096,A,F,,,P1M,A,,14,ECB wage tracker with unsmoothed one-off payments,"Euro area, non-seasonally adjusted, wage tracker, with unsmoothed one-off payments, total economy, compiled by the ECB, annual rates of change",PT,0
EWT.M.U2.N.WT.INWR._T.4F0.GY,M,U2,N,WT,INWR,_T,4F0,GY,2023-05,3.68377954633304,A,F,,,P1M,A,,14,ECB wage tracker with unsmoothed one-off payments,"Euro area, non-seasonally adjusted, wage tracker, with unsmoothed one-off payments, total economy, compiled by the ECB, annual rates of change",PT,0
EWT.M.U2.N.WT.INWR._T.4F0.GY,M,U2,N,WT,INWR,_T,4F0,GY,2023-06,5.83878310914852,A,F,,,P1M,A,,14,ECB wage tracker with unsmoothed one-off payments,"Euro area, non-seasonally adjusted, wage tracker, with unsmoothed one-off payments, total economy, compiled by the ECB, annual rates of change",PT,0
EWT.M.U2.N.WT.INWR._T.4F0.GY,M,U2,N,WT,INWR,_T,4F0,GY,2023-07,4.96933217236839,A,F,,,P1M,A,,14,ECB wage tracker with unsmoothed one-off payments,"Euro area, non-seasonally adjusted, wage tracker, with unsmoothed one-off payments, total economy, compiled by the ECB, annual rates of change",PT,0
EWT.M.U2.N.WT.INWR._T.4F0.GY,M,U2,N,WT,INWR,_T,4F0,GY,2023-08,4.4897884353601,A,F,,,P1M,A,,14,ECB wage tracker with unsmoothed one-off payments,"Euro area, non-seasonally adjusted, wage tracker, with unsmoothed one-off payments, total economy, compiled by the ECB, annual rates of change",PT,0
EWT.M.U2.N.WT.INWR._T.4F0.GY,M,U2,N,WT,INWR,_T,4F0,GY,2023-09,4.46971921309173,A,F,,,P1M,A,,14,ECB wage tracker with unsmoothed one-off payments,"Euro area, non-seasonally adjusted, wage tracker, with unsmoothed one-off payments, total economy, compiled by the ECB, annual rates of change",PT,0
EWT.M.U2.N.WT.INWR._T.4F0.GY,M,U2,N,WT,INWR,_T,4F0,GY,2023-10,4.70701112286521,A,F,,,P1M,A,,14,ECB wage tracker with unsmoothed one-off payments,"Euro area, non-seasonally adjusted, wage tracker, with unsmoothed one-off payments, total economy, compiled by the ECB, annual rates of change",PT,0
EWT.M.U2.N.WT.INWR._T.4F0.GY,M,U2,N,WT,INWR,_T,4F0,GY,2023-11,3.89825034885726,A,F,,,P1M,A,,14,ECB wage tracker with unsmoothed one-off payments,"Euro area, non-seasonally adjusted, wage tracker, with unsmoothed one-off payments, total economy, compiled by the ECB, annual rates of change",PT,0
EWT.M.U2.N.WT.INWR._T.4F0.GY,M,U2,N,WT,INWR,_T,4F0,GY,2023-12,3.49528573921285,A,F,,,P1M,A,,14,ECB wage tracker with unsmoothed one-off payments,"Euro area, non-seasonally adjusted, wage tracker, with unsmoothed one-off payments, total economy, compiled by the ECB, annual rates of change",PT,0
EWT.M.U2.N.WT.INWR._T.4F0.GY,M,U2,N,WT,INWR,_T,4F0,GY,2024-01,3.05501022228753,A,F,,,P1M,A,,14,ECB wage tracker with unsmoothed one-off payments,"Euro area, non-seasonally adjusted, wage tracker, with unsmoothed one-off payments, total economy, compiled by the ECB, annual rates of change",PT,0
EWT.M.U2.N.WT.INWR._T.4F0.GY,M,U2,N,WT,INWR,_T,4F0,GY,2024-02,4.655951580641,A,F,,,P1M,A,,14,ECB wage tracker with unsmoothed one-off payments,"Euro area, non-seasonally adjusted, wage tracker, with unsmoothed one-off payments, total economy, compiled by the ECB, annual rates of change",PT,0
EWT.M.U2.N.WT.INWR._T.4F0.GY,M,U2,N,WT,INWR,_T,4F0,GY,2024-03,7.12154953842623,A,F,,,P1M,A,,14,ECB wage tracker with unsmoothed one-off payments,"Euro area, non-seasonally adjusted, wage tracker, with unsmoothed one-off payments, total economy, compiled by the ECB, annual rates of change",PT,0
EWT.M.U2.N.WT.INWR._T.4F0.GY,M,U2,N,WT,INWR,_T,4F0,GY,2024-04,3.81861412161942,A,F,,,P1M,A,,14,ECB wage tracker with unsmoothed one-off payments,"Euro area, non-seasonally adjusted, wage tracker, with unsmoothed one-off payments, total economy, compiled by the ECB, annual rates of change",PT,0
EWT.M.U2.N.WT.INWR._T.4F0.GY,M,U2,N,WT,INWR,_T,4F0,GY,2024-05,3.7665603127337,A,F,,,P1M,A,,14,ECB wage tracker with unsmoothed one-off payments,"Euro area, non-seasonally adjusted, wage tracker, with unsmoothed one-off payments, total economy, compiled by the ECB, annual rates of change",PT,0
EWT.M.U2.N.WT.INWR._T.4F0.GY,M,U2,N,WT,INWR,_T,4F0,GY,2024-06,2.60911465566157,A,F,,,P1M,A,,14,ECB wage tracker with unsmoothed one-off payments,"Euro area, non-seasonally adjusted, wage tracker, with unsmoothed one-off payments, total economy, compiled by the ECB, annual rates of change",PT,0
EWT.M.U2.N.WT.INWR._T.4F0.GY,M,U2,N,WT,INWR,_T,4F0,GY,2024-07,8.52464786611717,A,F,,,P1M,A,,14,ECB wage tracker with unsmoothed one-off payments,"Euro area, non-seasonally adjusted, wage tracker, with unsmoothed one-off payments, total economy, compiled by the ECB, annual rates of change",PT,0
EWT.M.U2.N.WT.INWR._T.4F0.GY,M,U2,N,WT,INWR,_T,4F0,GY,2024-08,7.20921693249782,A,F,,,P1M,A,,14,ECB wage tracker with unsmoothed one-off payments,"Euro area, non-seasonally adjusted, wage tracker, with unsmoothed one-off payments, total economy, compiled by the ECB, annual rates of change",PT,0
EWT.M.U2.N.WT.INWR._T.4F0.GY,M,U2,N,WT,INWR,_T,4F0,GY,2024-09,4.45672497010494,A,F,,,P1M,A,,14,ECB wage tracker with unsmoothed one-off payments,"Euro area, non-seasonally adjusted, wage tracker, with unsmoothed one-off payments, total economy, compiled by the ECB, annual rates of change",PT,0
EWT.M.U2.N.WT.INWR._T.4F0.GY,M,U2,N,WT,INWR,_T,4F0,GY,2024-10,4.04806708318795,A,F,,,P1M,A,,14,ECB wage tracker with unsmoothed one-off payments,"Euro area, non-seasonally adjusted, wage tracker, with unsmoothed one-off payments, total economy, compiled by the ECB, annual rates of change",PT,0
EWT.M.U2.N.WT.INWR._T.4F0.GY,M,U2,N,WT,INWR,_T,4F0,GY,2024-11,4.41441921709767,A,F,,,P1M,A,,14,ECB wage tracker with unsmoothed one-off payments,"Euro area, non-seasonally adjusted, wage tracker, with unsmoothed one-off payments, total economy, compiled by the ECB, annual rates of change",PT,0
EWT.M.U2.N.WT.INWR._T.4F0.GY,M,U2,N,WT,INWR,_T,4F0,GY,2024-12,4.21056855776678,A,F,,,P1M,A,,14,ECB wage tracker with unsmoothed one-off payments,"Euro area, non-seasonally adjusted, wage tracker, with unsmoothed one-off payments, total economy, compiled by the ECB, annual rates of change",PT,0
EWT.M.U2.N.WT.INWR._T.4F0.GY,M,U2,N,WT,INWR,_T,4F0,GY,2025-01,3.10357161128921,P,F,,,P1M,A,,14,ECB wage tracker with unsmoothed one-off payments,"Euro area, non-seasonally adjusted, wage tracker, with unsmoothed one-off payments, total economy, compiled by the ECB, annual rates of change",PT,0
EWT.M.U2.N.WT.INWR._T.4F0.GY,M,U2,N,WT,INWR,_T,4F0,GY,2025-02,3.22056729449699,P,F,,,P1M,A,,14,ECB wage tracker with unsmoothed one-off payments,"Euro area, non-seasonally adjusted, wage tracker, with unsmoothed one-off payments, total economy, compiled by the ECB, annual rates of change",PT,0
EWT.M.U2.N.WT.INWR._T.4F0.GY,M,U2,N,WT,INWR,_T,4F0,GY,2025-03,1.74109478601447,P,F,,,P1M,A,,14,ECB wage tracker with unsmoothed one-off payments,"Euro area, non-seasonally adjusted, wage tracker, with unsmoothed one-off payments, total economy, compiled by the ECB, annual rates of change",PT,0
EWT.M.U2.N.WT.INWR._T.4F0.GY,M,U2,N,WT,INWR,_T,4F0,GY,2025-04,4.2864812903802,P,F,,,P1M,A,,14,ECB wage tracker with unsmoothed one-off payments,"Euro area, non-seasonally adjusted, wage tracker, with unsmoothed one-off payments, total economy, compiled by the ECB, annual rates of change",PT,0
EWT.M.U2.N.WT.INWR._T.4F0.GY,M,U2,N,WT,INWR,_T,4F0,GY,2025-05,4.05638670921112,P,F,,,P1M,A,,14,ECB wage tracker with unsmoothed one-off payments,"Euro area, non-seasonally adjusted, wage tracker, with unsmoothed one-off payments, total economy, compiled by the ECB, annual rates of change",PT,0
EWT.M.U2.N.WT.INWR._T.4F0.GY,M,U2,N,WT,INWR,_T,4F0,GY,2025-06,3.81278992627157,P,F,,,P1M,A,,14,ECB wage tracker with unsmoothed one-off payments,"Euro area, non-seasonally adjusted, wage tracker, with unsmoothed one-off payments, total economy, compiled by the ECB, annual rates of change",PT,0
EWT.M.U2.N.WT.INWR._T.4F0.GY,M,U2,N,WT,INWR,_T,4F0,GY,2025-07,1.25556755873434,P,F,,,P1M,A,,14,ECB wage tracker with unsmoothed one-off payments,"Euro area, non-seasonally adjusted, wage tracker, with unsmoothed one-off payments, total economy, compiled by the ECB, annual rates of change",PT,0
EWT.M.U2.N.WT.INWR._T.4F0.GY,M,U2,N,WT,INWR,_T,4F0,GY,2025-08,1.92491286518643,P,F,,,P1M,A,,14,ECB wage tracker with unsmoothed one-off payments,"Euro area, non-seasonally adjusted, wage tracker, with unsmoothed one-off payments, total economy, compiled by the ECB, annual rates of change",PT,0
EWT.M.U2.N.WT.INWR._T.4F0.GY,M,U2,N,WT,INWR,_T,4F0,GY,2025-09,3.12134960967295,P,F,,,P1M,A,,14,ECB wage tracker with unsmoothed one-off payments,"Euro area, non-seasonally adjusted, wage tracker, with unsmoothed one-off payments, total economy, compiled by the ECB, annual rates of change",PT,0
EWT.M.U2.N.WT.INWR._T.4F0.GY,M,U2,N,WT,INWR,_T,4F0,GY,2025-10,3.01443600479501,P,F,,,P1M,A,,14,ECB wage tracker with unsmoothed one-off payments,"Euro area, non-seasonally adjusted, wage tracker, with unsmoothed one-off payments, total economy, compiled by the ECB, annual rates of change",PT,0
